mean_fit_time,std_fit_time,mean_score_time,std_score_time,param_alpha,param_early_stopping,param_hidden_layer_sizes,params,split0_test_score,split1_test_score,split2_test_score,split3_test_score,split4_test_score,mean_test_score,std_test_score,rank_test_score,split0_train_score,split1_train_score,split2_train_score,split3_train_score,split4_train_score,mean_train_score,std_train_score
0.4452196598052979,0.07297410095984233,0.000399017333984375,0.0004886944566570864,0.1,True,"(8,)","{'alpha': 0.1, 'early_stopping': True, 'hidden_layer_sizes': (8,)}",-0.021788384581033535,-0.03119668862551882,-0.041715827426413374,-0.02562778903161534,-0.04235969741575516,-0.032537677416067244,0.008316280651372378,2,-0.020855937179258585,-0.027860203365923333,-0.04845333946140684,-0.03130019554776749,-0.03234681158477876,-0.032163297427826996,0.00908313939179024
0.6427000522613525,0.020528255387880463,0.00039958953857421875,0.0004893980488604429,1e-05,True,"(8, 8)","{'alpha': 1e-05, 'early_stopping': True, 'hidden_layer_sizes': (8, 8)}",-0.0261766932756265,-0.030838513544596678,-0.02052284049082961,-0.021071080034645653,-0.0391079268543652,-0.027543410840012727,0.006894100716738997,1,-0.025950519465809826,-0.02815050981193318,-0.022685028054464842,-0.021234533386676902,-0.028913360491465367,-0.025386790242070023,0.0029977788488811355
